,feature_0,feature_1,feature_2,feature_3,feature_4,feature_5,feature_6,feature_7,feature_8,feature_9
0,0.04425938607032916,-0.40421701197361,-2.115919995470992,0.7824457322353333,-1.2668944715238513,0.12941125827559766,0.2276532826313042,0.5939952861971893,-0.6215349201602334,-1.3631355600900483
1,1.0030513096611837,-0.30224967592152013,-0.02180533808183465,-1.7281122819637584,-0.8426199213902301,0.22351110632916493,0.07237758628103405,0.7466425027807093,-2.498928914868925,-0.10275415384437359
2,0.025426702611634773,0.18780254789108838,1.3488294204391502,2.0102090831896477,0.15161882736063023,-1.593717015351033,1.2919466965668656,-2.512190462847795,1.707329322565803,1.292889454565111
3,0.26740698235546406,1.132034986295036,0.8578831061314305,0.5081574914592959,-0.6702500217262376,2.199098180556703,-0.20521297449919623,-0.709660165237969,-0.6433280262759173,-0.09166711531218086
4,0.14993167006339106,-0.6199341874048961,-0.44272505218466185,0.5479851579179493,0.31206959779496757,2.407377583931219,0.17259410391486618,-0.5679049218954246,0.0879582454009441,1.6317530467462213
5,-1.4634059584266885,2.2567513964341175,-0.6722782721875988,-0.39698153167983885,3.495877789600099,-0.30742344459825993,-0.08456299914380815,0.3643345054807413,-0.31023827123834025,1.2410464559152976
6,0.8129142448974712,-0.7773900758589046,-2.0469346867227998,-1.5033623718108138,-1.425593315478103,0.6933246903326009,-0.4283452397058618,1.5497721143728205,-1.027676879934185,1.1001660934422972
7,0.7029537919068678,0.264644005121289,-1.2780584791178016,-1.481772966968692,-0.11224746695165881,0.9481214391006447,-0.7285450223200068,-0.0987057036989809,-1.199821028793358,1.3066115681657757
8,0.6869464926472221,-0.07306896840707273,-1.015213403145215,-0.6454014426242847,-0.3085496016737873,-1.067016586417876,-0.03677630569544812,-2.385109737583054,-1.71242174695556,0.7679013961616636
9,0.84832950037633,0.08156303498436555,-0.30309294439469225,-1.238192178231488,1.0675993008124904,1.3065574617643476,-0.9045146889894328,-0.5934114183619101,-1.0386785221631798,-1.6748433469716537
10,0.8163391559383438,-0.41063469198080127,-0.25939175593725616,0.7472244119745131,0.7393058408322967,-0.5073836817460986,-1.6999597206830213,-1.6990174645872795,-1.9520782435989825,3.463398339835552
11,0.535577446888429,0.048668736883050644,-1.830391131909148,0.3309588762594744,-1.1417640925158001,0.9568568792755741,2.019837891654255,1.023117022672628,-2.521012226560088,0.5902549044573631
12,-1.0204045638322368,-0.5083893712580683,-1.225767816757602,-3.460975431996425,-0.6693860527711348,-0.6607420360353083,-0.8667229746284533,-1.2587052654865105,2.22231447059099,2.1518172460170244
13,0.12598395444891058,0.029965440097251415,-0.7979934021814765,-1.304766851809635,-1.5048759928291267,0.1970268328773009,0.415976621217802,1.2434125253107022,-1.4886479324042112,0.5765074421272083
14,-1.0817474872988404,0.56568707966939,-2.1663808434157783,-0.1670615073944418,-0.16577119760145495,-0.0607314103854932,1.5511550445957039,1.4628922746758901,-0.8595047599321475,2.7364711345264547
15,-0.7588521310376378,0.6403971849116776,-0.8224709128492901,0.603256344983937,-0.14200761302952686,0.1489719493272099,-1.0935571458882358,-0.5454590363919851,0.14761361273352325,1.668777068712393
16,-0.9657574156062594,0.8119403283952916,-0.48107355738448426,2.5309546217416417,-0.5937953222563245,1.337831020966117,1.4827147941724148,1.156143767611049,0.7562417028272783,-1.0430359696340417
17,0.533014079151139,1.0119033118267453,-0.11665720983227088,-0.21255291432886203,1.091551424313997,0.32105233333216393,0.4945957483210984,-2.089762364600065,-1.8499220236743787,-0.4130456061717406
18,0.6535019520558621,-0.37732151011826054,0.314448917351962,-0.4015342671492633,-1.2181079715493217,2.0258070919112505,-0.4329008187851472,1.5174756995781027,0.7059100425722578,1.2688788356501166
19,-0.16417941162050506,0.46999826076317,-2.28414785748234,-0.8392583070296228,-0.8231180613480796,1.914712305997992,1.0120678647038581,0.6972496796071703,0.5160744547855427,-0.8909558191172285
20,-0.849386915155905,-0.13678327496942902,1.2892698627156363,0.2273002320101587,0.5980576964529088,1.0898355364504335,0.21923166775497352,-1.2923023595296246,-0.2974426952400253,2.827204483898922
21,0.05662845181217025,0.13315121142428596,-0.007515364270778083,-1.729476555855048,-0.35884641691291935,0.301420515516767,0.7576628729399759,0.5072390521199455,2.9487526124652783,-0.2966646366926684
22,-0.26217370286384084,-1.7002048745480662,-0.8859159959592792,-2.1742155054462753,-1.4716914426706882,0.5283030346669183,0.7454041973454018,2.204639720820314,1.7067299681503463,-4.145707920210784
23,1.1423851439741257,-0.009086574726255944,-0.6162205534066079,-3.5317487246727275,-0.8593402836993107,0.30312296159184327,0.3675223025093705,1.0416153558481132,-1.3250954028736885,-2.387570126094616
24,2.363717869296701,0.2979210652598027,-1.79425723051006,1.0856830135514393,0.9626689195855317,0.2887323947199601,-0.3098820736437513,1.005169392951911,-2.3364868101734997,-1.7897374367200158
25,-2.209351605823344,-2.1654815857130014,0.7732543213170501,-0.6780238934818645,1.435435785839352,0.3046362963480508,1.126296559324147,-0.04267236367428828,0.979250834092373,2.422927456679312
26,-0.30872115327850763,-0.9962320562225203,0.630815849144619,1.6790436573417935,0.9830827052059001,-0.06154327388004871,1.2706995850921912,-0.5701166290841876,1.7269722122781954,-0.5237268912935864
27,1.9564182531884509,1.0907235861498341,-0.2622960121898327,-0.49429633642287385,0.7469234690710594,1.290515418870559,0.20526689360108463,0.31451558175995364,-1.0229978812873135,1.1558702320268617
28,1.0608136862553892,1.6405335708923698,-1.760578594241603,0.03307459596881146,-0.7931253451671499,-0.655578997329579,1.3693876725962943,2.295927210231472,2.564548195892743,-2.2067644557510793
29,1.0479129691305784,-0.24091124509361989,0.4172634478581861,0.35864810296753746,-0.7290791631026989,-1.5456501396999585,0.5623166206232582,-0.8992260567327597,0.6041063933692649,1.1474134489580525
30,0.4214734498759029,0.4473593021906108,-1.6229112474511733,-1.3191793803470295,0.24919854273565617,-1.2139273806525643,1.9438768931086035,1.31745211935521,-1.5114528597416195,-1.2023019169542877
31,0.11686938234111337,0.3169426170121629,-0.10287704409166039,2.5955248540630405,1.2820989209585543,1.9009356129945743,-0.8359540795806962,0.5859463428036684,-0.4414211969861048,-1.905417474237324
32,-1.3260950590468563,1.6216000997663216,-0.3253628783514149,2.5722449831588228,0.21991715060593411,-0.621627174035903,0.933783912872343,-2.297744648891359,0.1951034627976137,2.8938128284682754
33,0.00276183588393645,0.4261195264046615,0.6820595085768006,2.6469210865605053,-0.7820238651074395,-0.18319134571712223,-1.3454848362522223,1.4791301769408813,-1.1750187949788429,-0.9010083290831232
34,-0.7087850802465393,0.43388085090023226,1.3446761201021329,-1.3748307783953235,0.37348118773216055,-2.6267862573507106,0.04293224521441284,-2.9034964137159607,-2.5249538360951123,0.8260595944403736
35,0.34489700824991926,1.765709266450403,-0.09117423351856317,1.9768517779898946,-1.1859110092328462,-0.6278832144417893,-0.8859543132945961,1.2126659010398728,-0.576286108839758,1.8096934439852215
36,0.18183903720506076,0.953671678165781,0.4028217210829767,-0.05403864483535337,1.0871951843953045,-0.044764807386507684,-0.8386895237038932,-0.2560063457500529,-0.5099743848245462,2.463159750513081
37,0.16101788550445562,-0.28476697753719615,-0.49671082393040833,-1.76570776631752,1.8511659419467084,-0.6314847326853011,0.894049597324794,1.2258481631348128,-2.2607510175118124,2.3465189857818944
38,-0.969523889519979,0.7257668231630326,1.2564363423451892,0.35088815211315905,0.24186670151354087,-0.45895688582457345,-1.6564328651711504,-0.6822277214163669,-1.3843653046354907,-3.0910599655860467
39,-0.7528447693857241,-1.3760422637893543,1.0742676129098663,-0.42528899986760305,0.9775680321615458,-0.33960163448836717,-0.596395217935485,1.4992844129100553,-0.9267320232173735,2.5187153494339825
40,0.11924332929589004,0.8011640198239227,0.4356749109059113,0.3433061914104223,1.705642942525445,2.11087263702428,-0.817401811088721,0.7352158077223587,-0.5388385590838709,1.7301760286475352
41,-0.6391235224719644,-1.5175371320153943,-0.2632548302636291,-0.40074158287145945,-0.05028297436249998,-0.9960351277026638,-0.5019717073646935,0.6284801695275068,-0.06957673532101494,1.0609808328797505
42,-1.383453518068656,-0.5399876357256903,0.020947365525143383,-2.53006233836772,-0.8639591168352135,-1.0919754746661545,0.2180755086527237,-2.1369075560275252,-0.7570437778891677,-0.581859341247694
43,-1.0195616317198861,-1.6885623167896844,-0.04903337343347808,-0.4516670488516352,0.25796216158165786,1.142160028252862,-0.5454459989397435,0.21393490480215882,-1.7951774656962098,-1.8837394566507548
44,-0.21975049584272882,-2.57388211506442,0.8287094352199172,-0.5740697026448528,0.2325949082278164,-0.2543767758055499,0.21345301927981047,-0.6610814374413305,-2.177862817753282,1.1212391357146585
45,0.02887572314901021,-0.05201968845801409,-1.9244881610488498,0.8016011745187204,-0.9093647696406127,1.6415269486441515,-0.08360113859092103,1.0615752024229221,-1.9095966273911393,-1.8326303433446691
46,-0.37208824145295505,-2.8434852920517755,-1.6126617580402274,-2.178296256082132,0.2542582797409963,0.020493012926024876,0.3056143612512159,1.8828364171720504,-2.1504429888470513,1.3825379968476905
47,0.318105056052626,0.43483122076684505,0.7905013606617233,-0.6633113578360458,0.9886805603447387,-0.32275102611843537,0.6776396884833475,0.7902961515649176,-0.6083901247932897,0.7747790213527757
48,1.5355623779154153,0.5387289760525086,0.5496994183110051,1.1032634591521497,1.1877191771664013,-0.21127525515031384,-0.4399629124065766,-1.2361497255158755,0.14362840854626047,2.417830400235135
49,-0.35771718226924426,-0.3939813633024213,-1.6612794932777677,0.7317491960428397,-0.45813698721373425,-0.4118261543189197,-1.4445574435247972,-2.9766705399933793,-1.8580176689161534,-1.2482259538817169
50,-0.7281567760677871,-0.1508356206065558,1.6898934566262898,-1.6287400705945192,1.071124573784651,-0.23699917106016016,0.35128880942454155,0.20192814918900526,-1.677914831788629,-0.26277638573639184
51,-0.8679999995385472,1.446933538199557,-1.4395640533761842,2.7708051448824254,1.214269650459279,0.14093888559143689,1.209266110968739,1.5179438311151183,0.4450791931044984,1.2009745085691579
52,-0.042335658198237126,0.1130961378202375,0.3786662342514116,1.8603013740534633,0.4049140989591295,-0.9393267378659398,0.0438749637607155,1.3301602201430998,-1.0081031561880864,3.2845690364075857
53,-1.2323211470374407,1.2084505080181531,0.5460735131371113,-0.8166766483855303,-0.9965927363229516,1.7028270060092783,-1.0954334572945867,0.9308409325679536,-0.898774034278116,0.333170955496668
54,0.7095335773073748,-0.21133608555099248,0.5743084408384841,-2.0176328573480644,-0.6835938001649233,-0.11740085915495976,-0.0271584334040762,-0.11986465593108386,-1.1671958306974384,0.23545786212468012
55,-0.65408000981432,-0.9020862658517421,-0.6343431058356785,1.9089503841378375,0.6310565180215059,1.060642930486165,1.0653476265416306,0.6779187753868201,0.09131176226049265,-0.05445870722629864
56,0.8757158624009802,0.3561668772248425,-0.8553305143892584,-0.9711289097839677,0.8500939893168088,0.04867483832682586,0.5117376690790052,0.14114047743694602,-1.6366486552658213,0.19865607820583286
57,-0.508717221097844,-1.2416162197960277,-0.35791109038116226,1.670686740109352,0.6349078041137199,0.16626564590073342,0.32439997178791113,0.1677249570401873,-1.0640612569557977,-0.4435988896100881
58,0.14523871678166522,-0.6192364649794415,-0.6961523589631211,3.3529977973424776,0.18058320660836302,0.3131188297472641,1.5396068480015146,-0.9395839280416171,0.8975924214158462,1.462605974373416
59,1.661441013728396,-0.14730039725501845,-0.8763847334453033,-1.6271719919582535,1.3493250629458442,-0.5326609725087593,-0.7674210000716748,-0.89851808861568,-0.7215611082321182,0.1495477808392529
60,-0.38267843755186814,0.5919846851245532,1.0418521437480288,-1.2014644716252179,0.23394745213453977,0.8950086680601209,0.6024660957009005,-1.116628003829386,-0.5749825936946749,0.9042010041710264
61,1.2865648221706096,-0.31036637819207014,2.182356501192701,-1.4804192176876523,-0.2386067692562958,-0.9689293482485823,-0.8338000016355946,1.5670531052226822,-0.9267985073462645,0.9874467997716402
62,-0.09938033012642304,-0.3453931546700472,-1.8087470156422523,0.058959341574175594,1.0641141833347134,-0.2748987578856162,0.2662837304486303,1.385752588570461,-0.015789212167019562,1.8019288434513319
63,-1.3495488481743696,-1.7187508928621646,-0.33317166483092703,-2.422848076783324,0.4603298731798137,1.2749891193000438,0.768179564462847,-0.3760132631097699,0.5830080688656677,3.0831175157813235
64,-0.26278338898246867,1.2706310606582234,-1.123901466865093,-2.190745031110298,-1.357402959786211,-0.7073053403283327,-0.9433830493699357,2.5658962368952998,1.9562161557312834,-4.635478708678352
65,-1.00915828934963,0.2767090439049846,-0.8398252474521676,0.38566482798126334,-1.2587316492630107,0.732140563485116,-1.1096455045207572,0.7712796912763367,-1.9012692269327556,0.08450377346440652
66,1.390427474406382,-1.023227766143298,-0.8499195456886461,-0.4292898164133947,-0.10665129143639568,-0.7944260534686807,-1.1022803218631494,0.861825225513853,-0.6734059426260228,-0.5057090727287492
67,-1.1186193344335598,0.7888992980334508,-1.283177427929808,0.010313663094272396,0.3800787084417732,-0.27191200107343627,0.027322760864173432,0.17662281809027325,-2.209080240121013,0.8410439965835679
68,1.9436030481831703,0.3712128680568303,-0.6662387242582275,1.5808523856078442,0.5198648520122691,1.1532385785452397,-0.9343516085785111,-1.0688600873840344,0.3177860944277504,2.030225707532258
69,-1.0811371127976614,0.7505361154353056,-0.6596263010599115,-1.7928073651554652,0.2294032478314346,0.6982208361354789,-0.8699801924749085,1.8687134268208239,-1.5439657247262193,0.08648063918517057
70,0.3631193416713573,0.1317198895343158,0.009931019733270987,-0.03137175040498974,1.075393445646077,-0.8988606069585929,1.8822922338341885,0.23965974695511671,-0.2332864312672076,1.0122135473265603
71,-1.3080485215584186,-1.7428243317335752,0.553833331781546,-0.15030310530485747,0.8161174360573329,-0.0049619840400380874,-0.38959660685879244,-2.2118033106177015,-1.196268724401123,-1.750676336452286
72,-0.7723697843143003,-0.5021030040988799,-0.07496495083904774,-0.9968764944819,0.3898868194723952,0.5586909660332754,0.293393955641903,0.151409734938577,-0.4423180580584386,-0.00648007913048898
73,-0.30134644969155117,-0.6784854050250794,-2.537388596069884,-0.260766498870484,-1.1937109876608283,-0.03821102747132102,1.2319844712696357,-1.5056591538478776,-1.4775609245944468,2.1095125631503677
74,0.9540138158473067,-0.8056053984262593,-0.3216625150584195,-0.21299499930023102,-0.38369041958098427,1.0121364609085306,-0.6283840909951381,0.500030477365391,-0.2484141244092425,0.17095833163765306
75,0.1577507810297153,-0.18533712281575823,-0.9700039675090428,1.8266792976919382,0.39770177050729577,-1.741069310062649,-0.003507992008540084,0.25601081468561127,-0.7920123962186827,2.4686457219541325
76,-0.5941345767748866,0.8592572249998405,-1.4280308331007647,-0.8526682470853565,0.683418504623424,0.34617774583274147,-1.5608909027540654,1.2032074643492896,0.669597173932809,-1.69745366763825
77,0.4604197294400478,0.7380803749096508,0.9034807085406811,1.992513192040108,0.18481327076418536,0.11088947888776789,0.4615124050158089,-1.5984087112183876,0.5618375785468893,1.834912808115798
78,-0.19052836766367762,-1.7581930072759717,-0.06791473756253315,-3.0730288287201657,-0.013172988522326835,0.6384509351645649,0.17218409224015727,0.3241210479889447,-0.022026891754465927,-2.2030187253989997
79,-2.1295130741100414,-1.1144758268713455,-0.1663833293583238,-1.8204608906617326,0.8602042420204842,-0.3689794451099221,0.31504048918161526,-1.119344066094803,-0.35778666753860344,-0.48951347039010473
80,1.556049439477057,-0.039004200618653756,0.36656575719312195,-0.5628021466198181,0.4486897683389067,0.2224341369699279,0.5363778526017037,0.7009861670832036,3.241141214769468,-1.5470884998606769
81,-0.4982678831003497,-0.8655131847760066,1.1966908176546378,2.4408598403278647,1.2736403321516463,0.2083552959592792,0.10716022778224318,0.8265472167110822,0.284294785170208,-0.5330793521557696
82,0.39724460924145283,-1.268035549501153,-0.4907721298228808,1.072543749407321,-0.018303484021489465,0.12332907439053986,0.6564812118350916,1.0108131734027752,-1.742499722911223,-2.069430983901075
83,0.44319865991572976,-0.48839173081703213,-0.6311897694433802,-0.665959527433619,0.27319919902204376,0.4201179982519729,0.08070662638674134,0.6909869059391767,-0.9589780900771776,0.6651981732358734
84,-0.46743434382496996,-0.8600608551230751,0.0853536188878091,-0.20357390112032747,1.062234330349603,0.5568411785529204,2.033293769466457,0.5702142298046814,-1.8874372471854626,-0.8794297809218157
85,-2.5931461843417423,-0.5626134828286562,-2.631431883419906,2.3543539271198703,-1.41495261071644,2.278248703181248,-1.2879473895179996,-0.7563384916973055,-0.1990144776555146,-1.1476558079093877
86,-1.0529650784003068,0.20764933540409175,-1.1890728658038474,1.6253269364015073,0.1849008169289769,1.0599405560591506,-1.8795606280100219,-1.4166840244966834,1.4617058109926293,0.8710553941122722
87,1.4293242627128546,-1.3378734912102326,1.1502905309161608,-0.8372624884794028,0.2393084668203457,0.5515592702124238,-0.23664218553104593,1.0146519671689584,-0.26547135416343826,-1.2509785024511941
88,-0.4631648664714657,-0.803363796060271,-0.20528027419497888,-1.5339411296662888,1.2645783773384636,-2.129976875582947,-0.8133546477889175,1.5166652280792476,-0.6506671317635851,-1.9278413695280872
89,0.15431583163358636,2.041745910562852,0.5320301932924523,-2.6923524536512904,0.03886556204856375,0.942312210267868,2.199526631161334,1.3405927003623388,0.7807080347356143,-3.026448516843798
90,-0.2154982023198693,0.8065641766809994,-1.5928027993524858,1.478836699341425,0.906857695125735,0.20604951787951314,-0.1851652289748735,1.6013922411760855,-0.554794442055388,-0.15713718282862366
91,1.4798860999138403,0.29837745260117915,-0.18317826890522865,1.7851266564013186,0.22987220812393777,-0.6349069197424152,0.2917303772534079,-1.0890237408251886,1.5556452736822552,0.3921930412702771
92,0.9577897351368669,-0.20892848687957735,0.7797554962888209,-1.622113486354725,0.8560592234970398,1.2679221333318873,-0.10412415422452258,1.2468669784830007,2.6446033547461747,-1.4378357841751295
93,1.036201832131722,0.5871376842128475,-1.877442885236109,-0.1337263700021809,1.219503568712245,-1.1284736297475466,-0.9731153602213203,2.175211022819858,2.1617231904919523,-1.4290626814330611
94,2.0429845253512564,-1.2124572788492276,0.5494747924987342,-2.0035234276994958,-0.045880781980918925,1.1354850163627703,-0.3499781271544168,-1.1128545956112688,-0.3146937306537475,0.19735423899950377
95,1.278329470318716,-1.3208237738789572,-1.2680142073833764,1.4131853290480714,-0.35504864437215156,2.2362836507959862,-0.1791497576634285,-0.8642219839524823,-2.805453565831608,3.8193497883572665
96,1.6739384181225205,0.4288123146206977,0.5287488457996609,-0.8437481305567436,1.6869878630253914,0.197300419992852,-0.4114209726593703,0.3132105189282389,-0.6981150182339684,-0.5238892515753609
97,-1.1786630894712498,0.04611410620104406,-1.4531651462542776,1.5507580068677105,-0.040571826745175454,-0.050852521241074776,-1.4037566450525831,0.6117983445234352,-1.2911349451278633,-1.7372906605554177
98,-0.7192433379629661,-0.7631488231437142,-1.3535598561343933,2.685643678428743,-0.8658664371290591,0.13575387991766508,-1.5247054499878059,-1.5145606922951538,1.78624109563578,0.282455259091946
99,-1.4273335895154653,0.2020209369900072,0.6329676506008086,0.8323291275766018,0.27861919206591823,0.21494016993893264,-0.198640259656028,-1.1189239251362584,-0.8408633443784032,1.57221016977359
100,0.8815997459782084,-0.42850000482208533,0.22970074716785507,0.2725826843657535,-0.6642241813532244,-0.8204680929130882,0.019154915057859004,-0.14203017511087013,-0.4934391823735659,0.2645473299406653
101,-0.2040932970155869,0.4455388465290052,0.4705147617608019,-0.7049828800555819,0.935392053798128,1.1111993566532803,0.3728329917986322,-1.503991209518511,-1.0495099119134288,1.6025949874369594
102,0.08966225110825957,1.3560781468067082,0.9442896421822814,-2.43309905905586,-0.42642702511316743,-0.7945605274085543,-0.550691571530313,0.8338855659467581,-1.1011106978428007,-1.559860223616759
103,1.763557440006718,-1.6477981083840352,-1.006979473446641,2.6962855380099393,0.856450680015159,0.1694418308596864,-0.13388892656571572,2.234930967005857,-1.501966998169799,2.9091040214818404
104,1.5960797355331489,0.18971172872552536,-0.42905192684785065,1.4601106595265576,0.6938784449806538,0.9016109145684073,-2.0734208889363828,-1.0301516787641385,0.6827042864253294,1.307941820154129
105,0.0438733598289749,-0.41500158233511925,-0.19847651507575567,-0.6916911805497801,1.3317569703945535,-2.5297162106054607,-0.036813506178282614,0.05957017444201662,2.3861708261905963,0.6686262306700943
106,-1.2285985157038086,0.9425685485361891,1.4212829829524993,-1.4332164871723552,0.389600394794567,0.8604560484222035,2.0773799955912433,1.6886246875083555,0.9292054401116502,-0.021548194839153822
107,1.3626170266133677,0.33014261578907306,1.2720589823398831,-2.4347090312431954,-0.4203951223616271,0.8943678872123748,-0.002166453227886297,0.23036020132806356,1.0928116607496792,1.6274490877777192
108,-0.5045524370842177,-1.748381656140865,2.3003956426851713,0.38475457906940225,1.497368970934125,0.13309373513678405,-0.3247734732791751,1.1714875787621126,-0.3126875259868823,1.199505155076363
109,-0.16925088405630662,0.1290647982401689,0.7837187818145658,-0.514877488862608,0.1739160838337627,-0.48898148742915815,-1.9478866372634722,-0.2049013686775678,-3.7617821463222323,1.391589781128829
110,0.8647446916408404,0.9034490360911002,-1.0317170119335606,0.9522332385122477,-0.46040661563924223,0.060608835674933005,0.4383825801284031,-1.4161921779145596,1.7800417652352414,0.3916810874313196
111,0.18494228287440923,1.6165704941174162,-0.8189966901586768,-0.8550114526990038,0.010175070741430444,-1.0987024773847005,0.2859186604759825,-0.24112612262915722,0.7768999176271421,0.9605562861379033
112,-0.8840154545592064,-0.20085147829061958,1.119262944775263,0.6711117494301253,0.40425719501345225,-0.14169567604762318,-0.12317821481004927,0.6715013383864312,0.5506281048302126,-0.0657104148437937
113,0.3056292304581544,1.4461946654953937,-0.579052547947254,2.7471309482000263,0.3157358988773569,-1.3888915541730793,0.10393883414889918,2.6668453066858313,-1.287956472684939,2.046602106887952
114,0.7384908326063404,0.8100806519091857,2.562527659332516,-1.730362735930211,0.20664643809833885,-1.0778741029687253,0.04172271121569786,-0.651592943957089,-0.43493743202096713,-0.06486781546706455
115,-0.57528970990277,1.0382395928657568,0.06929406054888966,2.056119324994523,0.8497167564046113,0.08636756707342344,-0.4358303409215121,0.5343323085310062,-0.35949380773263784,0.10484472475972706
116,-0.40073556918739084,-0.20462175126486848,0.6597211996563939,-2.195271424963212,-0.7705679143861808,0.004813307376784878,-0.12818546958576715,-0.010422801487142253,0.03434426348405917,-0.8127361788767131
117,-1.3022392090163228,0.34828933009975854,1.3720614239496856,1.2275514490011776,-0.05653974398173432,-0.7324684570116543,0.7757672174031766,-1.1505703423876938,0.4350491717041205,1.6872253224760962
118,-1.006560991087902,-0.22425515875756974,0.4327285991301843,0.7233538908648236,0.46955916935292735,-0.5941767487299575,-0.3359795095729449,0.8490533009365329,-2.8389411357286187,0.4435323556377675
119,1.5064217220015799,-1.2314687485942084,-0.3518241723372218,0.10746934316603474,-0.8009807933177084,1.3074841895433447,-1.0992282503581436,2.0793233801023203,-0.7404245052071665,1.9094550350660295
120,-1.323271023105105,-0.6075263423464762,-1.4568378693933226,2.44792839317343,0.060321914532972226,0.7607696419593537,-0.5572803003627007,1.5167914124642818,-3.0765416244557353,5.064002437337542
121,0.24104847710816502,-0.07582362151826307,-0.8848163666896469,0.01002388879019167,-0.5179126500537902,0.8755079805115086,-0.3885741032391265,0.8471575630851429,-0.6395886558674932,0.14965105892297226
122,0.7824934947006217,-0.5826368742994515,0.698249913777816,-1.2761694100345002,-0.877642419759575,-0.17124917543708565,0.6176703682657487,-0.18093107236809236,-1.1785816953930162,-0.7271121318397331
123,1.3169588366867038,-0.8366279292906311,-0.31778060433606964,1.551598500421993,-0.8224315772548629,1.5832255296925064,1.0499842925713831,-0.914267809357279,2.1320366931359316,-0.3964415770219982
124,0.3400593668608015,0.6714806010069174,-0.16809346596524435,-0.2842139206743626,-0.5589947278819981,0.661422784083347,0.4244730942479096,0.3591309555714487,-1.4022136363413185,2.262866866188776
125,-2.015599436663098,-0.5626002816536924,-0.09929271004165632,-1.0800773371193997,1.1439879192021631,-0.6015836814142763,1.6394886594175027,0.5197622445919996,-0.5276810800409284,-2.4655037587480075
126,0.6523887162435664,0.15744792496076662,0.3549682547576656,-1.6015132919612656,0.20205461602564603,-0.48635689354981293,1.6083893113571923,-1.9375187878894582,-2.2344224860593718,0.19533466273856692
127,-0.3466533614301105,1.106850182189822,-0.9688316315467529,-2.0608943583879453,-0.6490537204283726,-0.11405917237235645,0.8395935456672053,2.412431316471591,-0.7581476030699766,0.19862034969030995
128,1.5005713689626685,-0.07609676861195927,1.008001947245045,-1.2331353607882183,0.8510692140206136,-1.217396118989266,-0.7055540917782499,-0.696687274206766,-0.26019972936253255,0.7868381719956657
129,-0.19586082008783778,-0.5701458792830355,-0.1408343628058571,-0.21055050593892566,0.7982540714254448,0.6184845127865221,1.3358056664914943,0.881313382972647,-1.1927953526410255,-1.8005803987542766
130,1.345406190611672,-1.943987429485133,-1.1623071563876177,-1.0428269572462923,-1.272824612061507,2.6997141404195095,-0.4062022386218326,-2.4283516176536857,-0.9946639746663121,-0.5370576197788188
131,-0.3167533293985182,-0.5084553400297436,-0.5818378319170209,0.5598032197194158,-1.4507119177434764,-0.11517292776994209,0.8293248239281591,1.662545115975873,-2.3910669088632384,-2.572096688831034
132,1.3068740958752738,0.6481372699075333,-0.43396614207281087,1.5294916202786402,0.8375078724832392,0.7558549597599394,-0.09843898615563221,-1.033138661790212,0.8359290861088136,1.5791589293244916
133,0.3069377073595517,-2.199610718500554,1.6953295328696896,0.6339401090169603,0.5363913722844591,-1.7124394575643138,1.517520109063872,1.3810393137227817,-2.3501648473156864,-2.7856715441208655
134,0.5319906076118036,-0.8130121217203724,0.11434689130368872,-2.3069700656515493,2.188056759288627,0.7339892274185661,1.2974214212897037,0.9481390102607279,1.5688515284086462,0.35638299766713655
135,0.538806211751954,-0.0486068948728155,-0.378295274261212,2.934339293693636,-0.8474296921179458,0.4486131033181622,-0.3548073501842204,1.6476613497481583,0.2719902236220839,-0.6171495587433378
136,1.3851489252123237,0.6771597120657875,-0.08922545291666428,1.8209435321459932,-1.381109755914747,-0.36536299077273116,-0.9033434862969979,1.3186915875663832,-0.8412395547601319,0.49019316385965594
137,-0.9406448976409142,0.34981234254886373,0.8207593039813063,-1.685121594512337,0.7260034325676684,0.5770258266684529,1.0510951206993302,-0.47326768637709393,3.454886673292164,-0.3932512325281803
138,0.14875089623521523,-1.198104063264218,0.11471061816396835,-3.070250538821594,-0.6556363796468532,-1.273159769242533,1.2386320480411208,0.5121440325138711,-0.4984322514955556,-1.9098455897878126
139,1.457358558271021,0.8424499249061446,0.2746810739928528,-0.8872341255262918,-0.01360283444532232,-0.3627156895799299,1.5827872541220913,2.223100850386861,-0.3133516318693923,-2.298444246788198
140,-2.2236120309955307,-2.7141073004910865,0.33197173395348273,-1.40278532699273,-0.6913173710167768,-0.7994983331634866,0.15637812291827763,2.513877593222678,-0.5062937485163159,-2.815054001172001
141,-1.027902765713695,0.47060260077504473,1.3270781020136666,-1.063100999073939,0.4906362214227146,0.7301133565097351,-0.4325322616990184,-1.7650087245855701,-2.503838206152753,1.100627770281284
142,0.2798426609976086,-1.4773280409061398,-0.47857744462146706,0.29678325231908764,1.1502960263013935,0.257760882860111,1.4812385485888035,0.15169785187079698,1.1309715123314463,0.3258099647984798
143,0.3254317585362977,0.6624810601645157,0.25178770689393903,1.4931306080576483,1.4703207720364857,-0.8662269480072499,0.8328993285973896,-0.8075240779747386,1.1242051685033243,0.6440164922655601
144,0.7445840271996791,1.058504300451178,1.247811197916247,1.5132965098104583,0.8994350407557219,-0.48037749098032195,-2.924925179196677,1.5042082561917374,-1.0835785991954483,2.0203237388348505
145,-0.8988131880349017,-0.7054256480791758,1.113948633215661,0.718560388955201,1.2431834372143582,0.06231564543053688,1.1145162842184595,-2.3126445729849068,1.640481446100487,0.9743868978238633
146,1.5880441560695817,-0.8877580052112352,-0.9218709716032621,-2.3129165980264816,0.3672322994222134,0.11486904353888214,-1.2829393292982947,2.3046233013375774,-0.16569362874753368,-3.254031752814461
147,0.11313423767997162,0.7581061985174717,-1.1235162049108292,0.46856190037007595,-0.29353884215756676,-0.08721559841564996,-0.3695688528537811,-0.05933033609084726,-1.1115811301200866,-1.252789714572891
148,0.688678023685426,0.3724957097899999,-0.7993940761614355,-0.08596128276600867,2.1289465557455998,1.5991223351493755,1.1247986445931917,0.27048955432764776,-0.9266172871920106,-3.8941264831168407
149,-2.407344206983942,0.9167449190592203,-2.488562261791484,-1.6554200585384486,-0.13404658325719543,-0.6927314644886842,0.33029086313314077,-0.1384437165723349,3.3851726309941044,-0.6947610051141204
150,-0.9017815867008206,0.7372913165470523,-1.0038910792188394,-1.5483864818122397,-0.6809510758067541,-0.1586166770513216,0.042482538923175224,-0.7590648016897423,3.41265563025831,-0.09309168231776743
151,1.3738078274271044,-0.41105779186704344,0.1884677290662768,-0.31495968776659056,-1.8055572614170154,-0.1309492221844728,-0.9123874525123897,0.3127012961437212,-0.8132654207520895,0.8837828341803337
152,-0.4358189771662314,0.14534580275063477,0.2550533488895766,0.4149418276366037,1.670162587348925,0.6164364225217362,0.22650864967201126,-0.5011760664284206,-0.5998841897535888,1.210321220806615
153,1.1581108480243003,-0.9381773754277055,0.0976758555602795,-0.3169439924190931,0.27187316277001694,0.14186105520749914,-1.1147477073248893,0.4012565302321168,-0.6886348572564199,-2.0980165137866615
154,-0.8623523730634445,2.239743039927865,0.4899405828000732,0.14411596773816004,0.7226960095226193,0.460070606347438,1.0845270464950882,0.11671367970409452,-1.390620892388714,-1.1119837004651443
155,-0.03687956134379011,-0.23623613149791714,0.48415911893295277,-1.1621924249107656,-0.19081740545434528,-0.5280338385633047,0.23958888072416873,1.2269762702196463,-0.09031569570796882,0.11120607004504912
156,-0.19232391307236457,-0.5031452519015814,0.22006963296671936,-0.06535010531563668,-0.5943663723462062,1.4439966655745458,0.3426123982138901,0.9516337455869208,0.6379229077306772,-1.251695683618936
157,-1.6100714474143767,1.0318679825348305,-1.091611194628208,1.7412583038871832,0.07592053425948668,1.345803267362869,0.7372525329431979,-1.6642893669110292,0.26558627482388864,0.9054278315563483
158,-1.8577198613577113,1.596048491395556,1.9552300309077781,-2.4963699704873172,-0.6368264497233397,-0.356738563259028,2.3332893216497825,2.417155232756027,-1.64535405991428,1.3288677314748951
159,0.771038919953255,-0.9049146520560105,2.136559128802725,-2.8549019928059707,2.0458172880882857,1.455060582481769,-1.6550629923331868,0.12907848807061717,0.5742224883350704,1.7649895328704397
160,0.34869045175724583,0.31353796728351535,0.20944693229641737,-3.088759154158812,0.5726081079140996,-0.8814336084580743,-0.9729497793166654,1.3518097444545147,1.3826808716423666,-0.4207106905036935
161,-0.5651736316059788,0.5690792595356432,-0.7805400982293256,-1.2480424149335003,0.6157007293625533,1.2325248831179065,-1.4101410049803234,0.8386929414629442,0.7156634116226155,1.4349762298898436
162,0.3673886906306303,-0.10910851765256904,1.565171932528877,0.5111481657209567,0.6170301703206962,-0.488597581992664,-0.26899450730334135,-0.037352932772838465,1.851108173276961,-0.6389023454932308
163,-0.21825116374283668,-1.0234193103506461,-0.11562211495745531,-0.5898723435283322,-1.9691472859735475,0.30172251268289835,0.2869174286723232,-0.8494197961886254,-0.920781199387494,-2.301584056577414
164,0.8029239690806602,-2.36396849425218,-1.0656997173554419,-1.057033198693732,-0.3242360108482005,-1.0551784721031583,-2.3216304066999154,1.9137679947971014,-0.41899194981608545,1.6899991828828014
165,1.3651487618920815,0.8645299085407953,1.6117905913123958,0.3098239774444598,0.42962494063367457,1.518886581452663,0.07997649477807062,-2.0456801578070536,-4.289556140873241,2.437501657219623
166,-0.5437794332233397,0.08731497400856388,0.7094618174298554,-1.5785096541379096,-0.4341101794959805,0.546691605771313,0.1232302729146622,-0.2142780249097539,-0.41967787595997097,-1.4114914164965078
167,0.16665282856351338,0.3251767965290638,-0.7104525498349515,-0.31441282332838805,0.46504546101518207,-0.1667240330868389,0.8089292004712981,-0.3169414286585489,-1.7692387246107795,-1.8125779461930311
168,0.7929329404859182,-0.13644746335417146,-0.7555033345997547,1.9541856854155197,0.39061317772936166,-1.617833905558322,0.4473993464667924,-1.2817997974023019,1.5575940288372503,0.5198118132519838
169,1.6283459593913616,2.4793894187099115,0.5279026489428972,-1.3219398735591215,0.5196144598478016,2.2671801950982227,1.4939381997983447,-0.552686804143224,0.46266713652576175,0.7276244490694942
170,0.3783471956072637,1.368129807708867,-0.4198634610863194,-0.6772891365832413,-1.567329153524528,-0.3562902946047844,-0.5745469761338794,0.8906755243405384,-0.17918521497650264,1.0979291528857111
171,-0.7154716971314717,1.7218511629443316,0.02772168847657001,0.2620991976467917,-0.808141854407269,-0.08425944683450466,-0.5133112283233697,0.737471950332022,1.1111875713801593,-0.7964225496798996
172,-0.0489651890222238,0.031022936999807037,-1.4890003551239719,1.9122534730075798,-2.590545973120058,0.6235221029507587,-0.21754074858394365,-1.7989229444273063,1.845107494685362,0.26364889031179095
173,-1.2877754452982377,-1.2062713092828017,0.7312465066704062,0.3594647831814486,-0.26095483295925803,-1.2802684093629393,-0.8466117091333288,-0.2164059269591352,0.5149858816193749,1.0658247305373698
174,-0.14634235365483608,-0.9244972092556034,0.3118141834772605,1.2943647826507614,0.4753660343472122,0.33016684119296735,1.4567099500617942,0.8691615608627411,-0.5082683874512453,2.385515519039584
175,-1.4397742131100844,-1.840329036234172,0.7460881195396843,-1.377950134653216,0.7828371647378921,1.6101715293786063,-0.8039723988069778,-0.09187438102075318,-1.2065279698209819,1.297588638229983
176,1.0511940109860407,-0.5618856635474287,-1.3785293500432472,0.7768828260539455,0.26236238032366266,-1.3286052195955633,2.1908251598727517,-0.30713966565727024,-0.3769315668120222,-0.034096690173577526
177,-0.08891970051876215,-0.4886876301510091,-0.13510926719083818,-2.1115271165692358,-0.21942392592350715,1.3491263481684062,0.947984119856982,2.3547101335515546,-1.1378210797452977,0.11273571704587071
178,0.16105147859658853,0.37427818048114503,-1.7827047434480237,0.3938123055877012,1.4617381335348938,-1.8385068318025504,-0.9882688581768089,1.0421931243128177,1.6535501381100803,-0.08750257121556704
179,-3.351610516904678,-0.2875910194501882,0.6190371982862937,0.10491271378763556,0.23151273929557145,-0.9415895173506456,1.2107395389390851,-1.892189649724756,-1.4639573346605812,-1.3500395292026963
180,-0.44876822448863096,-0.7093787075578609,0.49317200320172117,1.3263795375675016,0.31170180213121856,1.876173413227712,-1.880443055124838,1.102231802198293,-0.3152146054738758,3.0121587878745544
181,0.16870626109520295,1.4615262062765033,-0.2821000200372859,-1.7370787115010184,0.3597367643574598,-0.872153679193295,2.0236005675424753,-3.010511709252389,-2.720575497320247,0.33758148261222476
182,0.42709731679166757,-1.6646097350337665,-0.030570163417495192,-0.7191368632479356,-1.2915111010958051,1.6261427987831114,-0.4731700706360385,-0.7730060965146739,2.8302884888882156,0.504279756167572
183,0.23212851185866967,-0.2724277012442913,-2.3917216577127935,0.053861685451545016,-0.3590225638557857,-0.07491084465501871,0.5768381678745935,-0.2579128238505919,-1.068523904917957,-0.5707498671145765
184,-0.29384703634710596,1.039395053042138,1.3083158308914355,-1.2838256104565362,-1.7649203841448429,0.49666473422737467,-0.15650703083537273,-0.5293524494754314,-0.926101021608654,0.39776914572376254
185,-1.220670049681913,0.014323258210599855,-0.7779188126673808,1.7674488293155828,-2.6237882355492657,0.15618782294087746,0.2018995596284508,1.986835290988737,-1.5800208604420178,-0.8561278680993485
186,-2.203160460825862,-0.7979594777414443,0.034852876391766284,0.1329143819801748,1.2440339481348617,-0.14473065128572005,0.9485082037166699,-2.590230250117172,-0.5622874830684748,-2.6629908187031703
187,0.3482722264027249,-1.181942850927521,1.0292217912338935,0.12392343579557064,0.5791780192917145,0.835494277920761,-1.1981840326023356,0.3458907328308717,-0.5669303447874422,-0.431363358563145
188,1.3511359132612295,-2.517143142096245,-0.01849258839304812,-1.7362392006132832,1.5169467897086448,-1.3577908952578768,1.1408554956216552,-0.743393059410234,-1.3371607330991717,-0.2529678746221484
189,-0.953604613019698,-1.0692505939521582,0.714086112952531,-1.8108224469475185,-0.9540617477463222,-1.9365187345081158,-0.4802023741470187,0.6607464872336009,-1.7335202312549352,-1.0633599422548254
190,-1.3210064958651702,-0.23827846069958317,1.4117093759314558,-0.15377616527199034,-0.5722970527840657,-1.013737991415864,-0.09772305307091878,0.7277735530099022,-1.0840019784347692,-0.40052842479605333
191,0.8130736316294986,-0.8590879423640695,0.4436139226821785,1.6729428175842096,0.5032846688166488,1.1953361180028157,-0.2548998448684591,0.009332557222222704,1.5671606747816451,-0.4493398952969472
192,0.11362445749432701,-0.39643582943141487,0.0004212592371184664,-0.343786493541521,-1.153623990282676,1.3966284795073118,1.4990344046594257,3.574216131917497,-1.9658920890447487,1.4572563781723051
193,0.08642851707843523,0.8810715736226133,0.864154213470886,-3.7313931551924426,0.13119009034388346,1.556000571839204,1.9124094099167985,3.791578641916903,-2.1876826946033954,0.37942263794073816
194,-0.46316761307279136,0.24324456985562717,0.2997745637215646,1.226502990285792,1.905941348457565,0.7176907414394635,1.1841725276601456,-2.6395143274887127,-3.531438134553529,4.0995538704413494
195,0.5070812587595488,0.597731708113624,-0.14160981015580998,0.2172648998803275,-1.2960236202513922,1.2999740467257528,-0.5034210533268308,0.5739020083596376,-1.7767090918432293,2.8133931400047087
196,-0.608586086006421,-0.16850663093486837,-0.393757316473212,-0.1477306449595066,-0.41445810177032616,0.1994879422774132,-0.6582734432013181,-1.1780828674782615,0.8471620117914066,1.381169988876899
197,0.15716234986881794,-0.44415535763277153,-1.9357655472112385,-1.4711382856030353,0.5821670444800581,0.32937314558352676,-0.8201217200962095,-2.0316113400483466,-2.228160294264679,0.435597443444973
198,0.35343086648641237,-0.2714814676069348,0.12569982217698403,-1.63015964065201,-1.6229275808300976,0.15552242595499616,0.11068240565582617,0.3091103043661265,1.9625041640449883,0.5208870089860056
199,1.7274827380309878,-0.2637453878486052,0.9619566195553785,-2.8078129391826248,0.09430857892896574,1.0026509129878278,-0.878270073673366,1.5856167208687326,1.1262373284545442,-2.0472533765867267
200,2.546833281448644,-0.30125523532680115,0.7618037780867832,0.18270196575730724,0.055575559998159926,-0.3173455927286084,1.3314788073977952,1.1801168459237565,-2.023070598333797,-1.6232510986557154
201,0.18576749208677126,0.23576213240140492,1.1945318745064444,-1.8172376727269801,-2.4339022565480346,-0.01824996520051934,-0.6108898915685892,0.07926538111218062,-1.4334836872071488,0.31607836627518404
202,-0.29071074335321945,0.697065274014387,0.2669869855276509,-1.198661581905968,0.2827886964836766,-0.23916638006903776,-1.28976558176506,1.5469302613978766,-0.4116799546004195,0.2560886983578382
203,1.0329547332286124,0.41623636692759547,-0.4351565978547518,-1.6313780197529062,-1.5327353688957595,1.0761833213303202,-0.12234690264110538,-0.8214427253190417,-0.5379377883764616,-0.05887808727780297
204,1.629009603349268,0.16135792464250795,-0.037356841241938624,3.0483690273934614,0.32679890988978094,-0.3947975629240973,-0.5235443812868572,0.3306466694495742,-0.5605214043370976,0.3140224496149815
205,0.6186639374806492,-0.47700237991295996,-0.6754614448557782,0.6031549745714564,0.7957031416997422,0.6664503167133892,-0.3175731988237379,1.3500566285332896,-2.1403954020906166,-0.22601888595771658
206,1.4776818779376781,-2.7610619661559896,0.4107306632690933,-0.005583370927631615,-0.7670175269020002,-0.4167026002343339,0.6195664721781072,2.4847179679332934,0.36119727768531473,0.16063269750230647
207,0.8294739292314663,-1.0736290060021147,0.20170055991654703,-1.370848846310979,0.04098678977594188,0.36427340580443873,-0.8290374583532079,0.13959488077849613,-0.13751665335483354,-1.9461567308640415
208,0.21364588151247146,-0.8600133615785398,0.08635531550037072,-0.14065093894592207,-1.4187085375474735,-1.030014575863108,-0.4300992037619455,0.3484572118533843,-2.178678731095369,1.4287237730117317
209,-0.1974295386420392,-1.2935357435936636,0.5838862943753126,-0.3274495888786355,0.24501859546046723,1.0779538951057577,0.7592109999198332,-3.8900448089784465,-2.198619374935195,2.1261063447750623
210,-0.1010387768819228,0.31304970991314623,-0.749143264693601,-1.6064180307140323,0.11643824066339366,-0.03765994352544069,1.5457122976592172,-2.598763850471692,-2.7014505249700105,0.3703490649338088
211,1.18004536881117,-0.036595862562551394,0.00799689961726585,-1.6006771617746465,0.1546084295207779,0.35597712395974557,0.2926513874005982,0.10074367028501441,1.9757911111862825,0.8489204161222426
212,-0.42251273442204323,-0.05461267405809275,-1.2801253069331895,1.9530146833783935,-0.39231476873390336,-0.23989891708016095,-0.3665010555121015,1.4586767287395526,-2.3143079981800647,0.1827050047426625
213,0.22992646789343035,1.0541286760189787,-0.5609352142237467,-0.05197989416890869,0.18716402048616199,1.4935827693088695,0.9674877492386388,0.5768299820363608,-0.9491778954311444,2.6772623630569097
214,-0.7032715225634733,-0.557281124104081,-0.13140290602223817,0.4711975584939052,0.4460000946671858,-1.0640342352010974,0.3070645165702432,0.8056143182841015,-1.7835241709816314,0.6212891664016214
215,1.0566552837727923,0.4556896686672513,-0.015819710262067736,-0.9073958704364515,-0.9071263462552507,-1.0817028395804014,-1.3277158957566129,1.1538282230645844,-0.40424581420899863,-1.3638977767697251
216,-0.13051507989699376,-0.6043390715633118,0.5753696271923753,-2.050632502396094,1.0108622403718392,-0.07581739581821335,1.0930685866132108,-1.0445776211425002,-1.0526838716620566,0.8903375806343155
217,-0.4642210974332259,0.25386120901458487,-1.0381691470869339,0.7442167382653451,-1.3767297025036298,1.5689344956774955,-0.35349544620168666,0.7173747881340231,0.12739018772308164,1.0703421242398776
218,-0.4840496363870183,-1.2567613448956396,-1.2998942792963248,-0.34389852085722317,-0.41138983002749074,0.5854907437496162,-1.4149758718760481,-1.9140669718601675,-1.1431249867003304,2.254677098967663
219,0.9451937270135937,0.6865660061515626,0.08308051428205071,0.23078524420680302,1.5445260036780937,-2.213227348026831,1.1968949518024157,-3.5862374550520437,-0.8187836316975019,-1.7728242325908232
220,1.540785811994749,0.0695480877572431,1.459107157301978,1.7027506308371256,-1.3824599249460918,0.7225885016201056,0.7579053961110119,0.8179335129967702,-1.47176681214069,0.6684913007317035
221,-0.8362881187253874,0.3224669010017471,0.9890742106954769,-0.7640191596443761,0.1744592948367024,-0.22306703548074155,0.6967309092318439,0.6732752162453945,-0.9740751042265924,1.4249559610739535
222,-0.15729742520090303,-0.14852755236163276,-0.8997878627841726,0.29553173185106807,-0.1142879556018855,0.7363894701845974,-1.6073596570025797,0.7921495976953528,-1.1331809093705414,-2.904815130398776
223,1.3117839002075757,-0.9487218229211253,-0.2569544903534993,-2.727220137286916,-0.018349020904106537,-2.161845461752631,0.36645716629797204,-0.8748006360036893,-1.4862745252403056,3.05602841276363
224,-0.4735712337713081,-0.21795205326864608,-0.5347156078106451,0.04718980867137346,0.9262443215248913,-1.110652196249686,1.42025693244196,0.7599894688276221,0.24799887285419575,0.7279694729150717
225,0.7084210428945821,1.68354649877845,1.688793913309905,1.7340711179702675,-1.085456076896216,-0.5271213854151164,-1.9334411067859811,0.9009015204137275,-0.6248286784587567,-0.1644261808117522
226,0.18465277590460072,0.281735063829374,-1.3140673085340397,2.5786998079238814,0.6546541629080077,1.5683392760301245,-0.1701796665065516,-3.472316517130411,2.4424551101509167,0.6703157986963239
227,2.218739677200842,-1.5649133692192694,-1.0162491744582494,2.240778203805405,0.42530240422786164,-0.21719335006096485,-1.0845337932920514,-2.5050572275475234,2.3510607293864316,0.460292737170106
228,-0.35508389822404607,-0.07753381519399347,1.1996586758585681,0.7292102022814255,-0.3489846966235856,0.6345402880572247,0.5799089674719204,0.48175154260863684,-0.4434893076724098,0.7468171183164214
229,0.3193331896933858,0.7738327436422795,0.4752855893198915,-0.14340540664134627,0.31249168025713864,1.1221750288016852,0.6342411430592223,-1.048390232887278,-1.1176305016136725,-2.216316871902213
230,0.5364167323950428,-0.4241990220281109,-0.4956967426899445,-3.0795438586498762,-0.01338461565303896,-0.9401489144367132,1.478126826173261,-0.24766856007929328,-0.5999697939244231,1.114120867697567
231,0.1418351671429033,-0.274228357054531,0.8129571123656494,-2.7268048603491426,-0.48675700850928494,-0.9993127576501374,-0.05374450896912518,2.1533715338146937,-2.1699674829975706,-2.7564986577920996
232,0.9358815562717159,-0.8702675501809736,-0.6156286744975648,1.4680659738358748,-0.9642946397563682,-0.21371215199588148,0.5603064413231057,-0.02492786170906891,0.786486136161648,0.5717851539930419
233,0.21899252333399247,-0.4193155453317213,0.7559251916437938,0.017029462729489575,-0.6473154083300372,0.2490116763645237,1.6281495457568582,0.7137671833770542,-0.724366736184519,1.8423199017965795
234,-0.666520481273515,1.6061194918312938,0.3858843830843258,0.3870527866962421,-0.019975428719903078,1.5624595068621143,-0.9923428398748506,0.3936686956066311,-1.783484714476778,-2.764267207251401
235,1.3343503259492993,0.41886474740898055,-0.2233505408837356,0.6799264596481667,0.5373156575442041,0.8638798216688371,0.937391149279786,2.1238357435872244,1.3067525102422137,-0.49977210798903804
236,0.3495949993602971,-0.5491469770457174,0.23320596398520743,-0.45993239393255547,1.137706202714778,1.269678839602134,1.3669904326788433,-1.7870725206035325,0.9459721885064302,1.6848796937413724
237,1.5213301613321657,-1.2743687463793785,-0.7016719100240756,-1.308676323896213,0.9372580895639391,0.6260764255078172,-0.7327536296899959,-1.6071182253143435,-0.7769119967677887,-0.9262794738730455
238,-0.30656944713385026,-0.24134377440650479,-0.6405294565074873,-1.9761314434256367,-0.18078436389549102,0.1684019569354735,-0.20899996069373228,1.8862681980166742,-1.7014215484542672,0.9086520372523759
239,0.29785609420602127,0.054020726047489774,-1.524415338120977,1.9259576723487073,0.35034177922839693,1.3466658228367874,0.2638517010739347,1.739040907239388,-2.4496178639268527,3.1876509556332295
240,-1.0920457994509594,-0.4746977696370589,0.10617496974650213,-2.060122372535029,-0.7385354255011861,1.0331185153998403,1.4475869245124284,2.423434889650337,-0.7888285719910333,1.127498392458691
241,-0.614236618548697,-0.510334983207748,-1.2500684892063942,1.4241015761071496,-0.2458499789779966,0.21174971808112725,-0.5030805391046554,1.3415110723971588,-0.275756970286964,0.8290810606525236
242,-1.466207830896165,1.4690233975407674,1.1622007890407522,-1.2324074532528906,0.6392695378569174,-0.35794383140131436,0.13727613567828928,0.5370850122324775,2.017350199091937,0.4646701459037479
243,-0.30296445490192875,0.3882426477853441,0.49521295312411195,-1.44444032680302,-0.049376903556185035,-0.6964197929226035,0.8434143093959997,1.9345230896341685,-0.6122092819322507,-2.224826077601856
244,2.035032701365911,1.2462673431229843,0.7389154710436832,0.23822498971700967,1.5609497990990675,-0.5620903253041943,-0.304804089517739,-1.5430911087925467,-1.8305740763517848,2.6935703694207644
245,0.5891393590279725,1.5168128671298737,1.9871309706701052,-3.4217360689757172,-1.0790755000679764,0.3578383486710236,-2.5434981829554735,-0.3947875491447207,-0.5081366450456474,-2.4940800419036044
246,-1.3971579982180775,-0.13045986903936505,0.6511614606523132,-4.279942943019928,-1.452795895888346,-0.39530547743974637,-0.18319391822192532,-2.700335138785395,1.7555790424208226,3.3625973561091813
247,-0.8184039305286839,-0.8339843541994671,-1.641253202359863,-1.7865358344543436,1.1219057109821344,-0.13929201177662912,-0.6152291907079231,1.568941345999202,-1.2879644260627459,2.322048418192198
248,-3.3868137614883,0.7941400600761793,-0.32323796452209,2.527025158549959,1.2914035482160082,-0.2202546014960882,0.2560548642832593,1.6063551851664415,-2.4705794078834264,5.138381063786463
249,-0.33991450576921695,2.467203710812492,0.5171968345390136,0.3931184096213459,0.13829868978581025,-0.9923582864905137,1.002085216590409,-0.8792154085847455,-0.3098979420303347,2.3657409303955115
250,0.7730133622538113,-1.689058449328896,1.2522129097598176,2.8809085844857414,-0.004824621905130248,-0.7193199901295528,-0.6989504394636011,-1.9509371705072809,1.5773496351191216,0.9322018980902995
251,0.9978127182640276,-0.06052052230630854,0.03611017533012821,-2.153723249502628,0.5102790105320711,-1.051694888099702,-1.581257570919481,-2.74029763404899,-1.6090056632777752,3.21239041205539
252,-0.8442790185229957,-0.5821115937904281,-0.22012368028997004,1.3560862009984256,1.3668364606054457,-0.588038578458875,-0.02809031340802223,1.3895267587935067,-2.133526327315452,1.8650065072829332
253,0.6975866003471783,-0.025008706309041482,1.1714263477638722,0.33713899307378103,-0.8313994672674534,2.1056770663406312,-0.8343641789960169,0.2728834296912531,0.04013143776214556,1.2656740457023856
254,-1.3642477552179104,-1.7694585953165944,0.9491737064276725,0.01407220787061747,-0.178219480385237,-0.6246366426741136,-0.19652211942738346,-0.07513671471718486,-0.5533241865879373,1.4815996898859054
255,-1.0719749162741792,1.0545935162270592,-1.3985196480651843,-0.7201277349405004,0.23374717642291024,0.1989026621503274,-1.4869359725271176,-0.616652997702053,-1.4510506438434685,1.082341387782534
256,2.0019459668029733,-0.7030628980011439,-0.5224021342270257,-1.0122469128262084,0.37305893532063655,0.4339674224650475,0.5781170974738931,-0.8189688914720361,-0.7415706693785554,-1.4244218638886645
257,0.666166065471662,1.669228754640302,0.1339599071656446,2.9101134463383196,-0.16719614307235198,2.4344086332376818,-0.6498214781408206,2.2075056120639145,-0.9892632732135012,2.890225374810301
258,-0.32256478410197714,1.726626506496595,-0.7231156306389472,-1.3352748028226298,-1.3578224620375543,0.10379718109609347,1.8967381819965747,-0.6319821156022973,-0.339104338915595,0.5910238674068014
259,1.9190008932186058,1.8823618585134785,0.13110209068591813,2.496906816033567,0.9557079561210825,0.7863127098804469,1.0276776748010317,-3.7818401773956274,0.39010062516974275,3.479789451951126
260,0.9422381514973616,-0.3682252752410914,0.4540138017167675,-0.06420162752495995,-0.4177797974317798,-0.45973073137422704,-0.9420659015623665,0.45134325095608974,-2.124232247548451,-0.9487903943969795
261,-0.044954586772383044,-1.0173336567547735,1.108788382475365,-0.738990998258646,0.354617568017944,0.03240144136967392,0.7490898442530696,0.32679022299290117,0.16576921594374017,2.9817489862821507
262,-0.7082677394030134,0.46619034234711976,-0.5381590012067285,-1.0168381593632205,-0.9034264163689436,-1.7545421038662703,-0.43825911737856177,1.0435614155850026,-1.0262368593239697,0.8315520549402238
263,-0.2172836969368236,-0.4972676139223384,0.9412578547947976,0.42393176631392593,-1.3883901407716945,-0.6409043492480827,-1.0170366693914479,-0.6635671669369301,-0.5091094421315752,2.33659166346929
264,0.4196655225980695,-0.3769951591670362,0.5923519211081734,2.320432307982334,0.6878633271870178,0.5757797826664528,1.0763719952411803,3.0266378756848766,-0.9933391893427411,-0.9526223910125787
265,-0.5034355591611999,-0.6032078961176216,1.6076409211162175,-2.498930531599422,1.2128209850318663,-0.6365257231756023,0.8663199502620572,-1.6886045036242667,-0.338726206596644,-0.5691676452455299
266,-1.0058126703621093,-0.32483237366931933,0.25713065241862126,-1.3359721604988033,1.636825690112449,0.6563574506292909,1.4344668693460538,-0.131060255301778,-0.5775634830883665,0.2718458088197423
267,0.11278786262909331,-1.6239572087610412,1.641046629728958,0.03912272276969753,0.13418517417771947,0.16156301343998902,-0.5983678102302188,0.05122187935497968,-1.636116667045573,0.9922060012685925
268,-1.2875190260592986,0.09626077640338242,-0.701337191602714,0.7972915442669113,0.3411273134397087,-1.4438895774639133,0.17367664613852624,0.6832184818041667,-1.7795762582583867,-0.35151345146712765
269,-0.376914225413896,0.542463861500237,-0.004699404440172449,0.7334649135104894,1.1597912452893056,1.2543568685727127,0.408345164394778,1.2429232399264627,-2.306628219498119,0.2777911231163148
270,-0.2871066925302493,0.08478286464395876,0.2714214938009425,0.970347786993179,1.7188504904048219,-0.08465254184842787,0.5237602174456797,0.7576720339702346,-1.3196045460428454,-1.4151549649166246
271,-0.5713742214499119,0.15101229055781942,0.8111432591099114,-3.6103492214846318,-0.06700714194351028,-0.28326750883946716,1.546090168234707,0.15467446106493465,3.427630684588021,-0.9550747792697785
272,0.9568337311560969,2.082348744095585,0.6744012414943192,0.9247061056141224,2.6735109703964786,-1.1573199869844844,-0.22182678125629193,0.3511403456130361,-1.84511931886518,-0.8267633777609754
273,0.3887201230511087,0.7273198470207146,-1.7499778742187968,1.739833567544983,-0.8114896777335243,-0.6742204063118639,-0.207631052982379,-0.4477715035150043,0.9744594538366111,2.511838687834279
274,1.927569385178195,-1.7783509672653808,-0.04820608148706246,0.41092106395975303,2.289805797460459,-0.6549459608026902,-1.0369510059749418,0.7774297913380364,-0.8971108140299479,0.39315371785823916
275,-0.6476880256834309,-0.2959768434057342,-0.8049906609302881,1.2815284559567195,-0.16858962081074902,1.0836060798301856,0.08106287069365692,0.9796207062213268,-1.0745210151119728,-1.0258475416950543
276,-0.06195274609809678,0.6544924900712037,1.0587438299148093,-1.4867796036672656,0.7018492854920929,0.005833546665433634,-0.4376082567569663,-3.2655713329148823,-2.01634047653557,0.9706822101870819
277,1.7198462111025852,-0.7573105136779609,-1.9584415421346377,2.207237102299138,-0.8469123283169792,0.6480883646604091,0.5301913073429116,3.7201054815955295,-1.9991153772407815,1.9471452647347518
278,-1.9949452858132852,0.26429782197543344,-0.5596626897839663,-2.153774188692819,-0.644386928798028,0.7251994726731844,-0.7960160652158775,1.8449624730022034,-2.2767502757358056,1.1305973672824012
279,1.0753141393593546,-0.5376896974278628,-0.9933782055838566,0.014254585200444314,0.029046772381743993,0.30344475092404516,0.7342609171767251,-1.260992268587684,-1.8883377013091394,-0.87535811205382
280,-2.0224615847208947,0.47047365611673203,-1.9355846795170613,1.2544291024008465,-0.560186525218209,1.9478167872543153,-0.8135437543979207,-1.1261436318032172,-0.039642333476167635,0.375411541060787
281,0.23632590272777546,-0.5706713486133254,-0.37617660278168846,0.882412559737696,0.8537246722572774,0.734218218708196,-0.6166050540454969,0.4837272274022697,-0.977679698819388,-0.6093987262513174
282,-1.2051417922042769,0.5966438335337123,0.6102443756047459,-1.2339190375651865,0.20624754573786294,0.7695314690509986,-0.3553118861179337,-1.1620320346841952,-0.8174273971515919,-0.8038007699420522
283,-0.2805766779448092,0.33793372063466215,0.2262288205840868,0.8710477800609635,0.49941106919460265,-0.25039864737008577,1.250954474226849,-0.3482549394089447,0.8474543668093302,0.12359071537133515
284,-1.7174957341407595,-0.5401533883742511,0.2733667459719246,-1.8514255453404926,0.2945247424538556,0.3140529675998594,-0.6021053527812588,0.4511604038940784,-0.5504294444937008,-0.7993106355059678
285,-1.475037198340117,0.19356939925357777,1.1698009525885504,-0.6532346782882742,-1.6523670157038093,-0.6026858478277888,0.8842423057738108,-1.9626881382249035,-2.2944038299404435,1.560292124306168
286,1.435247026472536,0.16266999899753198,1.017540916606753,-0.1250242712423365,0.6600105931171182,-0.8563065694431494,-0.17860997454734448,-1.1270039703426673,-1.499889296549774,-1.1577323620688564
287,1.0769228252928504,-0.7413932766302571,0.09096897677540905,-3.2838464219662473,0.06681488317740555,1.6608024019379088,0.6647140863088895,2.9797597135028173,-2.608043146894565,1.370066093354041
288,-0.6730468451270122,-0.026636644445163456,-0.7487835886440163,-1.2827866019233292,-0.897046430645255,-0.588236459587683,0.5718780661783558,-0.049900383826344985,1.1696327587413802,1.8921493503519198
289,-1.0464779426244284,0.38696529885454223,0.5793992391740034,-2.8273749999541495,-0.23267190851999858,1.3676573314701472,-0.9934562260566775,-0.3271862683431379,-0.42554477785682965,0.9436987882854782
290,0.16772582205122036,0.22630093482186714,-0.3242248189982904,0.39206764061165633,-1.0071836938060397,0.4274559249951163,-1.1230605601445518,-0.39483297019135677,0.6519546385282461,0.9847555163893115
291,0.8821047822408783,-1.230775545766081,-0.56045509827994,-2.169749655497794,-1.4958781980554177,-0.26034049072176124,-0.7697688778808768,0.3069833366997401,-0.8680844352283613,0.142721163646935
292,-1.6921188885572191,0.8523513568944722,0.8593100976934448,-2.712345543678987,-0.5581093577059559,-0.6845182122169692,1.8606844458705387,1.0156033281557368,1.5747898922507817,-2.9413388177476323
293,0.24990170911772747,-0.9997528010881317,0.18160906625350978,-1.7019901516586167,-1.3819953225931907,-0.7835221841353823,0.7012555591767271,-1.0626169629142828,-1.4414041063296912,-0.055517413935463944
294,1.084726142174945,-1.1195557260884106,-0.36553728375817224,-1.2790288268417564,1.0024164586720072,-0.7390168700211478,0.451610682726256,1.7573799815183375,-0.22556827132557244,-0.041626906916998996
295,-1.1274230561465082,2.109444594642459,0.6720605190937674,1.9917072427139781,0.9618543562049385,0.7846003184367084,1.7251173322585722,-0.14013299411407398,0.6830133966615406,0.9543528563700336
296,-0.8373190793313915,-0.49749865840514007,0.6387830794482092,-0.12294738702099695,0.3576242593238943,-0.6885035079271756,0.08607286499367499,0.39030430118838566,-2.046635498328931,0.6590849965158114
297,0.63629316843861,-0.2791084748996939,-0.4708289765138265,-0.17479068570220657,-1.1016619153794023,1.0277044066056897,-0.7889407687590703,-1.147439197673689,1.507366037608276,0.6107299766081045
298,-0.8124049989897638,1.7820783180614812,0.305319779547066,1.0887887244648713,1.1344805200843187,-1.0651846840834458,0.8089855150329761,1.1648059138288547,-0.6424788600725895,-2.812504924188791
299,-1.4922687866598638,0.1609789471789995,-0.24530054133253051,-1.7858622995641924,0.8735164244697508,2.533516165346526,0.6771468663576308,1.8532175006319496,-1.2053045174116885,0.8177367632513952
